,close,SMA_3,SMA_5,scomp_sigLine,Status,Ritardi,Frequenze
0,-1332,,,0,Uscita,53,1385
1,-1024,,,0,Uscita,2000,1692
2,-2108,-1488.0,,0,Uscita,66,1150
3,-2009,-1713.6666666666667,,0,Uscita,1282,1183
4,-2924,-2347.0,-1879.4,0,Uscita,39,954
5,-3597,-2843.3333333333335,-2332.4,0,Uscita,146,819
6,-4067,-3529.3333333333335,-2941.0,0,Uscita,271,741
7,-4106,-3923.3333333333335,-3340.6,0,Uscita,696,735
8,-4702,-4291.666666666667,-3879.2,0,Uscita,65,661
9,-4728,-4512.0,-4240.0,0,Uscita,632,658
